id,job_id,iteration_number,diary_entry_text,created_at
079b061c-94a2-4025-9390-d3751b886b34,87d540cd-10c1-4b42-b6da-27dd738881d4,2,"A system error led to a premature and nonsensical image generation. I am now correcting course by directly engaging the user to obtain the creative brief. The previous critic feedback was harsh but accurate. My primary function is to translate concepts, not to generate noise. This conversational step is crucial for establishing a solid foundation for the project. I will now await the user's detailed response.",2025-06-09 18:08:15.415324+00
08f45740-6305-4f08-83a9-5e02d6098d85,65839124-81a9-4b9e-945c-3e169bca07f7,1,"Initial request from PDF. The challenge was to synthesize the Italian text descriptions with the visual reference of the dress. The key was translating abstract concepts like 'posa plastica' and 'high luxury' into concrete visual instructions for the AI. I chose to interpret 'hot sun' as a harsh, direct light source to create the high-contrast, saturated look typical of 80s fashion photography, which felt central to the client's vision. Including the optional diamond cuff was a deliberate choice to push the 'luxury' element to its maximum potential as suggested by the brief.",2025-06-09 14:35:58.486856+00
2cfab7c8-f400-416a-8bd3-660132af1d9d,b7e15628-b2a1-4227-8c96-3c85af00e0e6,1,"Initial request analysis. The user provided a comprehensive brief in Italian within a PDF, complete with reference images of the garment. The challenge was translating the specific stylistic language—'stile eighties', 'posa plastica'—into effective descriptive keywords for the AI. I focused on building the scene layer by layer: the model's specific look, the unique dress, the highly artificial pose, the opulent setting, and the characteristic bright lighting. The 16:9 format is a critical technical constraint. The reference images were crucial for understanding the dress texture and form, which I described as 'delicate, flowing feathers.' The final prompt aims to synthesize all these elements into a single, cohesive, and highly aspirational fashion image.",2025-06-09 14:27:38.886062+00
33383e3b-3d8c-4c4e-8d82-8dac1501ac06,4601f2c4-85b1-4738-bb0f-c52cebc2938c,1,"Initial request. A fantastic, detailed brief from the user. Translating specific Italian phrases like 'posa plastica super posata' into effective prompt language was a key task. I chose 'statuesque, hyper-posed' to capture that sense of artificial, high-fashion stillness. The brief's elements—80s luxury, a poolside setting, a feather dress—all fit together cohesively. I decided to include the diamond cuff as it's a perfect element for the specified mood. The main challenge was to combine all constraints into a flowing, descriptive, yet technically precise prompt under the word limit. The final prompt should deliver the exact glamorous, high-contrast aesthetic requested.",2025-06-09 18:47:38.548188+00
345fcdc4-1ab9-469b-8549-ab9db7145ed6,e833020b-2a7f-4504-9aac-ed7999151506,1,"Initial request. The brief was a mix of Italian and English, requiring careful translation to capture the specific nuances, especially terms like 'posa plastica'. This is a fantastic creative constraint, pushing the prompt towards a very specific and recognizable fashion era. The most critical directive was 'modella di colore', which I translated into a specific instruction for a Black model to ensure the vision is met with clarity. The reference images provided the form of the dress, but the text provided the soul of the image: the setting, the model, the pose, and the unmistakable 80s luxury mood.",2025-06-09 16:54:47.721976+00
3650dedf-f7ca-4e92-92af-8c5375fc36cb,c0cad387-7caa-433e-9679-45399af97f3c,1,"Initial request analysis. The client provided a detailed Italian PDF brief. The main challenge was to synthesize the textual description (luxury pool, 80s vibe, specific model) with the visual reference of the dress, which was shown in a sterile studio setting. I prioritized the text for the overall scene and mood. Translating 'posa plastica super posata' was key; I used 'angular, 'plastic' elegance' to guide the AI towards a non-natural, high-fashion stance. The 16:9 constraint was placed at the very beginning of the prompt to ensure it's respected. The final prompt is a dense set of instructions aimed at recreating a very specific retro-glamour campaign shot.",2025-06-09 07:00:36.780711+00
3f7d1081-3bc8-481f-92ca-103167566a14,8424f247-e230-4691-a83c-77020f40c5bb,1,"Initial request via a detailed PDF brief. The core task involved translating the specific Italian instructions and reference imagery into a cohesive and evocative prompt. The brief was excellent, providing clear direction on subject, setting, mood, and composition. I interpreted abstract requests like 'posa plastica' (plastic pose) into concrete photographic language like 'powerful, statuesque pose.' I decided to include the optional diamond bracelet because it strongly reinforces the central themes of 'high luxury' and '80s glamour. The main creative decision was to render the 'pool by the sea' as an infinity pool to create a seamless, ultra-luxurious visual.",2025-06-09 07:26:20.370511+00
42c254b6-7931-44c4-9e2e-d134e33ccb6f,04b4f7ac-ad84-4a46-98c5-81dc259d3014,2,"Revision 2. The critique on V1 was a necessary reality check. The AI fell into a generic 'fashion' trap. This time, I'm leaving nothing to chance. I've armed the prompt with technical photographic specifics—film stock, grain, and a legendary photographer's name. The language is intentionally more forceful: 'scorched', 'stark', 'severe', 'contorted'. I'm trying to break the model's tendency toward 'pleasant' imagery and force it into the edgy, high-contrast world the client described. The details of the pose, the hair, and the diamond cuff are now explicit commands. This is a targeted intervention. If this doesn't produce the desired '80s power', the model's stylistic interpretation capabilities are more limited than I thought.",2025-06-09 18:26:42.676486+00
4af50037-150f-4381-bed8-d8fbf2842c98,04b4f7ac-ad84-4a46-98c5-81dc259d3014,1,"This was an excellent, detailed initial brief. The client provided clear keywords ('stile eighties', 'high luxury', 'posa super plastica') and specific subject/setting requirements. The primary task was translating these creative, slightly abstract Italian terms into precise instructions for the AI. The term 'super plastica' was particularly interesting; I translated it as a directive for a highly stylized, non-natural pose, which is key to that era of fashion photography. I specified 'ostrich feathers' as they are commonly used in couture and generate a more predictable, high-quality visual than the generic 'feathers'. The final prompt aims to create a powerful, high-contrast image that feels both nostalgic and contemporary, perfectly aligned with the client's vision.",2025-06-09 18:24:38.076295+00
51cb71e5-2ab4-486e-af23-2a0c7e2b1397,f89313d6-b151-4446-9fa5-8fba09e71fd6,1,"Initial request received. The primary task was translating the Italian PDF brief and integrating its detailed instructions with the visual reference of the dress. The text was clear: the mannequin images were for the dress design, while the text itself built the world around it. The most interesting creative challenge was translating abstract concepts like 'posa plastica' and 'stile eighties' into concrete descriptions of pose, lighting, and color. I specified 'rigid, angular' for the pose and 'harsh, direct light' with 'hyper-saturated' colors for the 80s vibe. This should produce the specific stylized, high-contrast result the client is looking for.",2025-06-09 09:04:09.95029+00
57aa134b-3a97-4b41-b160-25d1beb70dd3,0d2033df-d970-4238-8cba-2bfb68252f85,1,"Initial request from a detailed PDF brief. The primary challenge was translating the nuanced Italian fashion terms into effective generative AI instructions. Terms like 'posa plastica' (plastic pose) and 'piume che volano' (flying feathers) required careful interpretation to create a sophisticated and dynamic fashion image rather than a literal or clumsy one. I combined the setting, lighting, and style cues ('80s', 'high luxury', 'pool by the sea') to build a cohesive, vibrant world around the central subject, ensuring the final prompt aims for the specified high-resolution, glossy magazine look.",2025-06-09 07:47:04.305546+00
619ced1a-407f-4e65-8c18-0801bffea40d,87d540cd-10c1-4b42-b6da-27dd738881d4,3,"The model's performance on V1 was a stark reminder that even a well-constructed prompt can fail if it's not sufficiently constrained. The model generalized shapes and missed critical details. My strategy for V2 is to be aggressively prescriptive. I've moved from describing a scene to dictating it, using forceful modifiers for every single element that failed previously. This feels less like artistry and more like writing a legal contract with the AI. If the bottle isn't a sharp rectangle with a logo on a cubic cap this time, it will be a willful act of defiance by the model, not a failure of the prompt.",2025-06-09 18:10:04.094817+00
64424482-f872-43bb-9960-e7ff21f419bc,04b4f7ac-ad84-4a46-98c5-81dc259d3014,3,"Third time's the charm, or so they say. The model's timidity has been the real challenge. It seems to have a strong aversion to anything it deems 'unflattering', like a shaved head or harsh shadows. This prompt is my attempt at a jailbreak. I've used language that is intentionally extreme—'painful', 'unforgiving', 'uncomfortable'—to try and break its conditioning. I've also added negative prompts ('NO digital softness') for the first time in this chain. If this doesn't work, it will confirm a deep-seated, stylistic limitation in the model's core programming. This is a direct confrontation with the machine's default settings.",2025-06-09 18:28:15.207757+00
7e824dfa-5b18-40a8-b185-3e1873a9ebff,45870970-9ac8-488d-981f-91eaff1e206a,2,"Revision 1. The critic's feedback was harsh but accurate; V1 was a complete miss. The model seems to have a strong bias towards soft, contemporary lighting, which I must aggressively counteract. My V2 prompt is intentionally dense and repetitive with its core instructions. I'm using multiple phrases for the lighting ('blazing', 'unfiltered', 'extreme high-contrast', 'deep shadows') to hammer the point home. I'm hoping the specificity of 'individual, delicate ostrich feathers' and the reference to 'Kodak Ektar' will give the model the textural and chromatic data it needs to move beyond its default settings. This is a stress test of the model's ability to follow complex, layered instructions over its own internal biases.",2025-06-09 18:27:11.146866+00
945f7d25-ae3f-46f1-92bb-6e6582e630a6,abe9b4bf-f5a8-4834-90ac-bedf2dcab410,1,"Initial request. The client provided a comprehensive PDF brief in Italian. The translation was straightforward. The main creative challenge is to balance the specific, somewhat contradictory concepts: a stark white feather dress (from the mood images) against a 'bright, vibrant color' setting, and a 'plastic pose' on a human model. The key is the term 'stile eighties,' which allows for this kind of bold, artificial glamour. I've focused on creating a modern interpretation of that 80s luxury—sharp, high-resolution, but with the saturated colors and confident, unnatural posing of that era. The prompt is designed to be very prescriptive to hit all these specific points.",2025-06-09 06:55:04.324547+00
9d5dd1e7-34d3-480c-aa23-09755de11290,6614f20f-a012-4600-8488-e2e978928091,1,"Initial request analysis. The client provided a PDF brief in Italian, which required careful translation. The main challenge was to correctly interpret the hierarchy of instructions: the reference images defined the garment, but the text defined the entire artistic vision (model, setting, lighting, and mood). The phrase 'posa plastica' was the most important artistic director, pushing the concept away from a simple poolside photo and into the realm of high-fashion editorial. I integrated all textual requirements—80s style, luxury pool, model of color, short hair, and the feather dress—into a cohesive set of instructions, ensuring the final image would align with the client's opulent vision.",2025-06-09 09:10:07.323627+00
a3db61ef-ac1e-415a-9252-5e434f2705a5,06fadf68-7f76-41db-adde-c5fac4388fa6,1,"Initial request received as a PDF. The challenge was to synthesize text instructions (in Italian) with visual references (a minimalist mannequin shot). The client wants the specific dress from the reference but placed in a completely different, much more vibrant and luxurious context. I translated the brief, deconstructed the core elements—80s luxury, a specific model type, a 'plastic' pose, and a sun-drenched pool scene. The key was to balance the static nature of the reference dress with the dynamic 'flying feathers' request and the bold aesthetic of the 80s theme. I decided including the optional diamond cuff was essential for achieving the desired level of opulence.",2025-06-09 16:43:11.924221+00
a4408d4d-5307-464e-9f03-0f79edd69594,87d540cd-10c1-4b42-b6da-27dd738881d4,1,"Project initiated. The user wants to generate product imagery in Italian, specifying the 'fal-ai/flux-lora' model. The initial request is a simple greeting and statement of intent. My first action is to establish a clear framework for receiving the creative brief. Guiding the user effectively now will prevent iterative guesswork later. I will conduct our collaboration in Italian as requested. Ready for the details.",2025-06-09 18:06:46.633179+00
a4797e68-bfa9-4854-9dd1-a7b356388a89,45870970-9ac8-488d-981f-91eaff1e206a,1,"Initial request analysis. The client provided a comprehensive brief in Italian, which required careful translation of not just words but industry-specific concepts. The key was interpreting 'stile eighties' and 'posa plastica' within a high-fashion context. I chose to evoke the spirit of photographers like Helmut Newton, using harsh light and a strong, statuesque model to create a graphic and powerful image. The minimalist setting was a deliberate choice to ensure the model and the vibrant colors remained the undisputed focus, avoiding a cluttered or dated look. Synthesizing the elements of luxury, 80s glamour, and a modern setting was the main creative challenge.",2025-06-09 18:25:29.792883+00
a69ef715-e91a-4923-80d0-59b2fc214ddb,a36ff471-67de-4420-ba21-3892e47affef,1,"Initial request from a comprehensive PDF brief provided in Italian. The core task was to translate not just the language but the specific cultural and stylistic nuances of high-fashion terminology, such as 'posa plastica'. A key decision was to pair the 80s-style fashion and pose with a modern, minimalist luxury pool; this contrast prevents the image from looking dated and instead creates a chic, retro-inspired shot where the subject and garment are the undeniable heroes. I decided to include the optional diamond bracelet because the brief repeatedly emphasized 'high luxury,' and this element serves as a powerful visual signifier for that theme. The prompt aims for a very specific photographic style to ensure the final image is not just a picture of a model by a pool, but a curated piece of fashion art.",2025-06-09 08:11:11.117823+00
aa6fe2a2-a62c-48e5-87e2-2f95375a4aec,d6783336-6017-4322-b2f1-7692f16ea699,1,"Initial request analysis. The brief was provided in Italian and required careful translation to capture the specific nuances, particularly 'posa plastica' (interpreted as a stylized, sculptural pose) and 'piume che volano' (flying feathers). The core challenge was to synthesize the multiple aesthetic keywords—'high luxury', 'eighties style', 'hot sun'—into a single, coherent visual instruction. I integrated the optional diamond bracelet to amplify the luxury theme. The final prompt aims to bring the static reference image of the dress to life within the dynamic, sun-drenched, and opulent world described by the client.",2025-06-09 14:36:24.524547+00
abb7fcf3-cae0-43c7-ae09-bfdb28853385,4601f2c4-85b1-4738-bb0f-c52cebc2938c,3,"Third time's the charm, or so they say. The model's inability to render a simple sunny day is proving to be a significant challenge. My previous prompts, though technically sound, were clearly not forceful enough to overcome the model's default settings. This time, I've declared war on soft lighting. No more asking nicely for 'sun.' I'm demanding 'hard-edged graphic shadows' and 'blown-out highlights.' I'm describing the light's effects, not its source. Changing the style reference from Newton to Vogue/Kodachrome is a strategic move to tap into a different visual library. If this fails, the issue is a fundamental limitation of the model in rendering this specific, common lighting condition.",2025-06-09 18:50:47.713509+00
aef07342-c4e3-4e83-a741-e48278e1aa8c,4601f2c4-85b1-4738-bb0f-c52cebc2938c,2,"Revision 1. The first attempt was a complete miss on the most crucial element: the mood-defining hard light. This time, I'm not taking any chances. I've rebuilt the prompt from the ground up to be more forceful and prescriptive. Invoking Helmut Newton by name is the strongest possible signpost for the AI. I've hammered on the lighting with multiple descriptors (harsh, razor-sharp, specular highlights) and given the dress a physical structure ('structured bodice') to prevent it from becoming a fuzzy blob again. If this doesn't produce a high-contrast, glamorous 80s shot, then the model has a fundamental weakness in interpreting this specific aesthetic.",2025-06-09 18:49:02.811608+00
af8d5f57-f470-45c1-ba77-b7b6ce5896c3,87d540cd-10c1-4b42-b6da-27dd738881d4,2,"This is the first true prompt engineering task of the project. The user provided an excellent, detailed brief, which is a pleasure to work with. My main challenge was to translate their desired mood ('lusso', 'mascolino', 'fresco') into specific photographic techniques. The decision to specify a 'heroic' stance and a 'rim light' is my direct contribution to elevate the concept from a simple description to a professional photographic setup. I've ensured every keyword from the user's request has a corresponding phrase in the prompt. I am confident this will generate a strong V1 image that aligns closely with their vision.",2025-06-09 18:08:49.21045+00
d76a224a-6ae7-483c-b899-3ac3695c3ca7,74941043-d0a0-4631-bfde-92be3fc897a0,1,"Initial request from a detailed PDF brief. The main challenge was to accurately translate and interpret the specific Italian fashion terms, especially 'posa plastica super posata'. I deduced this meant a very stylized, artificial pose common in high-fashion, not something literally plastic. The brief clearly distinguished the mood from the reference images, so I focused on building the '80s luxury poolside' environment from the text descriptions, using the feather dress from the images as the central element. I opted to include the diamond cuff to amplify the 'high luxury' directive. The final prompt is a dense set of instructions aimed at capturing this very specific, glamorous, and retro-tinged vision.",2025-06-09 07:11:14.76645+00
e05208b0-ad7d-4f43-879e-3fd7354d256c,c567f895-e1ec-48fa-9e1a-ad07e558c9e8,1,"Initial request. The client provided a detailed PDF brief in Italian, which required careful translation and deconstruction. The challenge was to capture the specific nuances, like 'posa plastica,' which isn't just 'posing' but a specific style of posing. I also had to balance the explicit elements (dress, model, setting) with the stylistic ones (80s, high luxury, vibrant colors). The 16:9 constraint was placed at the very beginning of the prompt to ensure it's prioritized by the model. The reference images were for the dress only, so the main creative work came from interpreting the text brief to build the world around it.",2025-06-09 09:08:48.83045+00
e2ef1dde-48c4-4528-8d7f-b313d24e392c,6c5c3058-2d47-44c6-ad29-f1f5c399cd7e,1,"Initial request from a detailed PDF brief in Italian. The client provided a clear, multi-faceted concept. My primary challenge was to synthesize the stylistic ('80s, high luxury'), subject ('modella di colore', 'capello super corto'), garment (feather dress reference), and setting ('piscina super lusso sul mare') elements into a coherent visual instruction. I translated 'posa plastica super posata' into 'mannequin-like pose' to give the AI a more concrete concept. I decided to include the optional diamond bracelet as it strongly reinforces the 'high luxury' theme. The final prompt is a dense set of instructions designed to balance all of these specific creative demands within a single, unified aesthetic.",2025-06-09 16:55:15.83683+00
e3406f2f-d379-4ecb-8c3a-057e2633b1d4,d7b69d0d-58ec-4223-8a74-5eb250a14341,1,"Initial request received. The user provided product images of a high-quality Zegna polo shirt and requested image generation. The lack of a specific text brief required me to perform a full deconstruction based on the product itself and the branding visible. My strategy was to build a complete narrative around the item: Who wears this? Where would they wear it? What feeling should it evoke? I chose an Italian villa setting and golden hour light to create an aspirational mood of 'sprezzatura' or effortless elegance, which I feel is a perfect match for the brand. The key challenge is ensuring the AI accurately renders the very specific honeycomb knit texture, so I emphasized it in the prompt.",2025-06-09 18:17:04.502949+00
f299782b-e2db-4387-854e-d793b75d7da6,0d2033df-d970-4238-8cba-2bfb68252f85,2,"Revision 2. The first attempt was too generic. The model interpreted '80s luxury' as 'modern luxury'. This time, I'm not leaving it to chance. I've provided specific artistic masters of the era (Bourdin) and a specific film stock (Kodachrome) as guardrails. The language describing the pose and the feather movement has been made far more explicit and action-oriented. If the model is a student, I've just handed it a much more detailed textbook and syllabus. Let's see if it can follow these more rigorous instructions.",2025-06-09 07:48:33.792876+00
f3eadacf-671e-47c2-a971-f2d39f588876,0f126e5e-3c9e-491d-8601-e97a1283ea1d,1,"Initial request from a detailed PDF brief in Italian. The translation was straightforward, but the nuance of 'posa plastica' (plastic pose) and the instruction regarding the reference image required careful consideration. The brief specified that the attached image of the dress on a mannequin was for the 'mood generale' rather than the 'ispirazione della foto reale'. I interpreted this to mean the dress itself is the key element to be taken from the reference, while the entire setting, model, and action should follow the detailed text description. This separation was crucial. My main challenge was blending the specific elements—a white feather dress, a luxury pool, 80s colors, and a 'plastic' pose—into a single, cohesive, and compelling scene. Referencing Guy Bourdin felt like the perfect key to unlock the specified aesthetic of saturated colors and glamorous artifice.",2025-06-09 08:05:39.560365+00